{
  "project_info": {
    "project_number": "922928139550",
    "project_id": "srock-51476",
    "storage_bucket": "srock-51476.firebasestorage.app"
  },
  "client": [
    {
      "client_info": {
        "mobilesdk_app_id": "1:922928139550:android:911753744b3203746e8d0f",
        "android_client_info": {
          "package_name": "com.example.srock"
        }
      },
      "oauth_client": [],
      "api_key": [
        {
          "current_key": "AIzaSyCaA__M4z97JUQOOu5jKPlWTzSRJmLE2JU"
        }
      ],
      "services": {
        "appinvite_service": {
          "other_platform_oauth_client": []
        }
      }
    }
  ],
  "configuration_version": "1"
}